Topic,Date,Time,Source,Title,sentiment
bitcoin,2024-09-25,13:02,Cointelegraph,BitcoinOS launches BitSNARK ZK verification for enhanced privacy on Bitcoin - Cointelegraph,0.0
bitcoin,2024-09-25,12:27,crypto.news,Satoshi era Bitcoin moves for the first time in 15 years - crypto.news,0.0
bitcoin,2024-09-25,12:10,CoinDesk,U.S. M2 Money Supply Approaches New Highs as Financial Assets Reach Record Levels - CoinDesk,0.2023
bitcoin,2024-09-25,11:55,U.Today,Dogecoin Cofounder Breaks Silence on Satoshi Bitcoin Speculations - U.Today,0.0
bitcoin,2024-09-25,11:47,Cointelegraph,'Sustained' Bitcoin ETF inflows may 'buoy' price despite slowing spot buying - Cointelegraph,0.0
bitcoin,2024-09-25,11:44,CoinDesk,First Mover Americas: Bitcoin Retreats Following Ascent to $64K - CoinDesk,0.0
bitcoin,2024-09-25,11:07,CoinDesk,Bitcoin's South Korea Discount Hits Highest Since October 2023 - CoinDesk,0.0
bitcoin,2024-09-25,11:04,The Crypto Basic,BlackRock Exec Redefines Bitcoin as a Global Monetary Alternative - The Crypto Basic,0.0
bitcoin,2024-09-25,10:25,Decrypt,"Bitcoin Price Signals Market Hesitation, But Here's Why Standard Chartered Is Still Optimistic - Decrypt",0.34
bitcoin,2024-09-25,09:35,Cointribune EN,Bitcoin: The Ordinals Relaunch The NFT Market - Cointribune EN,0.0
bitcoin,2024-09-25,09:23,Cointelegraph,Bitcoin sell-side risk hits 2024 low just $10K from BTC price record - Cointelegraph,-0.4939
bitcoin,2024-09-25,08:42,U.Today,Michael Saylor Weighs in On BlackRock's Ultra-Bullish Bitcoin Statement - U.Today,0.0
bitcoin,2024-09-25,08:35,U.Today,"Bitcoin (BTC) Flashes 'Head and Shoulders': $90,000 Incoming? - U.Today",0.0
bitcoin,2024-09-25,08:30,Bitcoin.com News,FBI Warns of Growing 'Pig Butchering' Crypto Schemes in Maryland - Bitcoin.com News,0.0772
bitcoin,2024-09-25,08:07,The Crypto Basic,Bitcoin Country El Salvador Now 8th Safest Nation in the World - The Crypto Basic,0.4019
bitcoin,2024-09-25,07:09,CoinDesk,Learn - CoinDesk,0.0
bitcoin,2024-09-25,07:05,The Daily Hodl,"History Suggests ‘It’s Breakout Time’ for Bitcoin, According to Closely Followed Crypto Analyst - The Daily Hodl",0.0
bitcoin,2024-09-25,07:05,CoinDesk,"Bitcoin's $5.8B Quarterly Options Expiry May Spark Market Swings, Deribit Says - CoinDesk",0.2263
bitcoin,2024-09-25,07:02,CoinDesk,"Bitcoin Strength Continues on U.S, China Easing; Floki Bot Crosses Trading Milestone - CoinDesk",0.6369
bitcoin,2024-09-25,06:51,Decrypt,SEC Hits Pause on Ethereum ETF Options Following Bitcoin Nod - Decrypt,0.0
bitcoin,2024-09-25,06:43,crypto.news,"Spot Bitcoin ETFs accumulate $390.7m over four days, Ethereum ETFs see rebound - crypto.news",0.0
bitcoin,2024-09-25,05:25,Investing.com,Bitcoin price today: rises to $64k as rate cut cheer persists - Investing.com,0.296
bitcoin,2024-09-25,05:02,Crypto Briefing,"BlackRock Bitcoin, Ethereum ETFs notch $158 million net inflows amid market recovery - Crypto Briefing",0.0
bitcoin,2024-09-25,04:30,Bitcoin.com News,"Uganda's Mitroplus Labs Unveils Afro, a Pan-African Meme Token - Bitcoin.com News",0.0
bitcoin,2024-09-25,04:28,FXStreet,"Top 3 Price Prediction Bitcoin, Ethereum, Ripple: Bitcoin bulls could eye $70,000 above consolidation zone - FXStreet",0.2023
bitcoin,2024-09-25,03:30,Bitcoin.com News,Congressman Blasts SEC Chair Over Crypto Regulation Failures - Bitcoin.com News,-0.4588
bitcoin,2024-09-25,01:30,Bitcoin.com News,JPMorgan CEO Jamie Dimon Cautions Against Market Optimism — 'Geopolitics Is Getting Worse' - Bitcoin.com News,0.1027
bitcoin,2024-09-25,00:30,Bitcoin.com News,Blackrock's Head of Crypto Sees Bitcoin as 'Risk Off' Asset Despite Stock Correlation - Bitcoin.com News,0.1027
bitcoin,2024-09-24,22:13,CoinDesk,"Sky Reconsiders Plan to Offboard Wrapped Bitcoin, After Chat With BitGo CEO - CoinDesk",0.0
bitcoin,2024-09-24,22:12,TheStreet,"Traders see Bitcoin hitting $85,000, but is the election really that key? - TheStreet",0.0
bitcoin,2024-09-24,21:35,Bloomberg,BlackRock’s Mitchnick Sees Bitcoin as ‘Risk-Off’ Asset - Bloomberg,0.3612
bitcoin,2024-09-24,21:35,Yahoo Finance,BlackRock’s Mitchnick Sees Bitcoin as ‘Risk-Off’ Asset - Yahoo Finance,0.3612
bitcoin,2024-09-24,20:42,Cointelegraph,MicroStrategy should lend Bitcoin to boost yield — Analyst - Cointelegraph,0.4019
bitcoin,2024-09-24,20:37,CoinDesk,Bitcoin Pushes Past $64K as Monetary Ease Expectations Grow - CoinDesk,0.3612
bitcoin,2024-09-24,18:52,CoinDesk,Leveraging Bitcoin’s Security for Trustless Asset Transfers - CoinDesk,0.1531
bitcoin,2024-09-24,18:15,Cointelegraph,$8.1B in Bitcoin options expire this month — Do bulls or bears have the upper hand? - Cointelegraph,0.4939
bitcoin,2024-09-24,18:02,Lyn Alden,Bitcoin: A Global Liquidity Barometer - Lyn Alden,0.0
bitcoin,2024-09-24,17:45,Kitco NEWS,"Gold extends record-setting rally, stocks see marginal gains while Bitcoin climbs above $64k - Kitco NEWS",0.3832
bitcoin,2024-09-24,16:05,Bitcoin.com News,US Miners Gain Ground as Chinese Pools Lead Bitcoin Hashrate: Cryptoquant - Bitcoin.com News,0.5267
bitcoin,2024-09-24,14:27,Crypto Briefing,"Bitcoin eyes $72,000 in October, says Bitget Research analyst - Crypto Briefing",0.0
bitcoin,2024-09-24,14:00,TheStreet,Leaked U.S. Government Crypto Strategy: What It Means for Bitcoin and a Bold Price Prediction - TheStreet,0.0772
bitcoin,2024-09-24,14:00,CoinDesk,Bitcoin Rollup Citrea Deploys BitVM-Based Bridge 'Clementine' on Testnet - CoinDesk,0.0
bitcoin,2024-09-24,13:46,Yahoo Finance,4 Bitcoin-Centric Stocks Set to Gain Big From Fed's Recent Rate Cut - Yahoo Finance,0.3182
bitcoin,2024-09-24,13:30,Bitcoin.com News,"2009 Bitcoin Whale Moves 5 BTC to Kraken, Holds Over 1,200 BTC - Bitcoin.com News",0.0
bitcoin,2024-09-24,13:22,Bitcoin Magazine,Bitwise CIO Says 'Most Powerful People in Finance' Are Buying Bitcoin And Crypto - Bitcoin Magazine,0.4754
bitcoin,2024-09-24,13:00,U.Today,"BTC to $300,000? Top Trader Delivers Epic Bitcoin Price Prediction - U.Today",0.2023
bitcoin,2024-09-24,12:50,Benzinga,"If You Invested $1,000 In Bitcoin When Jamie Dimon Said He Would Fire Employees 'In A Second' For Holding BTC, Here's How Much You'd Have Today - Benzinga",-0.34
bitcoin,2024-09-24,12:01,CoinDesk,First Mover Americas: Bitcoin Little Changed in Face of PBOC Rate Cut - CoinDesk,-0.2732
bitcoin,2024-09-24,11:49,crypto.news,Bitcoin set for potential breakout this week - crypto.news,0.0
bitcoin,2024-09-24,11:04,Decrypt,"Bitcoin Is Nearing Key Support Levels, But Analysts Advise Caution - Decrypt",0.2144
bitcoin,2024-09-24,10:15,The Motley Fool,"Bitcoin: Is It Time to Buy, Sell, or Hold in Today's Changing Market? - The Motley Fool",-0.4404
bitcoin,2024-09-24,10:15,CoinDesk,Bitcoin's Trading Range Extends Beyond 125 Days as September Shows Resilience - CoinDesk,0.128
bitcoin,2024-09-24,10:06,Cointelegraph,Bitcoin price target rises to $78K after Chinese stimulus package - Cointelegraph,0.0
bitcoin,2024-09-24,05:34,Yahoo Finance,Chinese Bitcoin Miners Retain 55% of Bitcoin Hashrate Despite Ban - Yahoo Finance,0.4449
bitcoin,2024-09-24,03:37,Benzinga,"Cathie Wood's Ark Invest Buys $4.5M Of PayPal And $3.5M Of Pinterest Shares, Sells Own Bitcoin ETF Amid Crypto Surge, And Continues Offloading Palantir - PayPal Holdings (NASDAQ:PYPL), ARK 21Shares Bitcoin ETF Common Shares of Beneficial Intere - Benzinga",0.743
bitcoin,2024-09-24,02:51,Cointelegraph,‘History suggests it’s breakout time for Bitcoin’ — Rekt Capital - Cointelegraph,0.0
bitcoin,2024-09-23,22:01,TheStreet,Why Bitcoin’s capped supply sets it apart from gold - TheStreet,0.0
bitcoin,2024-09-23,21:33,Decrypt,"Federal Judges Skewer SEC for Refusing to Answer Straight Questions on Bitcoin, Ethereum - Decrypt",-0.2023
bitcoin,2024-09-23,20:04,The Defiant - DeFi News,"Microstrategy Has Outperformed All S&P 500 Companies Thanks to Bitcoin - ""The Defiant"" - The Defiant - DeFi News",0.0258
bitcoin,2024-09-23,19:38,Investing.com,Michael Saylor Issues Epic Bitcoin Prediction Using Just 2 Words By U.Today - Investing.com,0.0
bitcoin,2024-09-23,18:59,TheStreet,Michael Saylor to Mario Nawfal: Four new reasons why Bitcoin price will continue to climb - TheStreet,0.0
bitcoin,2024-09-23,18:41,The Daily Hodl,"Alleged $243,000,000 Bitcoin Hackers Accidentally Incriminate Themselves in Leaked Screenshare: Investigator - The Daily Hodl",-0.5719
bitcoin,2024-09-23,17:53,Bitcoin Magazine,Bitcoin Forks: Pathways to Innovation or Disruptive Forces? - Bitcoin Magazine,0.0772
bitcoin,2024-09-23,14:59,Decrypt,How a GameStop Customer Won a Full Bitcoin in a $33 Pack of Trading Cards - Decrypt,0.5719
bitcoin,2024-09-23,14:41,Quartz,Ether is beating Bitcoin as the Fed interest rate cut sparks a crypto rally - Quartz,-0.2732
bitcoin,2024-09-23,14:26,Yahoo Finance,How election years influence bitcoin prices - Yahoo Finance,0.0
bitcoin,2024-09-23,14:19,Cointelegraph,China still controls 55% of Bitcoin hashrate despite crypto ban - Cointelegraph,0.4449
bitcoin,2024-09-23,13:31,Bitcoin Magazine,Donald Trump Says Crypto Could Help Pay Off $35 Trillion U.S. Debt - Bitcoin Magazine,-0.0516
bitcoin,2024-09-23,13:14,Business Insider,Mark Cuban slams Trump's new silver coins as a bitcoin betrayal and an attempt to profit from his supporters - Business Insider,0.25
bitcoin,2024-09-23,13:07,Cointelegraph,BlackRock Bitcoin ETF demands 12-hour BTC withdrawals from Coinbase - Cointelegraph,0.0
bitcoin,2024-09-23,11:50,Yahoo Finance,What Happened in Crypto Today: Bitcoin To Hit 85K by Year End - Yahoo Finance,0.0
bitcoin,2024-09-23,09:50,Cointelegraph,Bitcoin poised for potential rally as FTX payout looms and Fed shifts - Cointelegraph,0.1027
bitcoin,2024-09-23,09:10,Clarion Ledger,Bitcoin company buys Jackson-area land for development. It costs millions - Clarion Ledger,0.0
bitcoin,2024-09-23,08:43,CoinDesk,"BlackRock Bitcoin ETF Options to Set Stage for GameStop-Like 'Gamma Squeeze' Rally, Bitwise Predicts - CoinDesk",0.0
bitcoin,2024-09-23,04:28,FXStreet,"Top 3 Price Prediction Bitcoin, Ethereum, Ripple: Bitcoin shows resilience, sets sight on $65,000 milestone - FXStreet",0.2023
bitcoin,2024-09-22,22:30,Bitcoin.com News,US Indicts Two in $260M Bitcoin Heist and Laundering Scheme - Bitcoin.com News,0.0
bitcoin,2024-09-22,19:30,Yahoo Finance,"Bitcoin Worth $63,000 Pulled In $33 Pack Of Trading Cards At GameStop: 'Mind-Boggling' Story Goes Viral, Highlights Crypto Redemption Card - Yahoo Finance",0.2263
bitcoin,2024-09-22,14:30,Bitcoin.com News,BTC Miners Increase Earnings With Fractal Bitcoin Mining - Bitcoin.com News,0.3182
bitcoin,2024-09-22,14:26,Cointelegraph,Bitcoin weekly RSI sparks 'intermediate' $85K BTC price target - Cointelegraph,0.0
bitcoin,2024-09-22,13:08,CryptoGlobe,The World's Largest Asset Manager on 'Why Bitcoin Matters' - CryptoGlobe,0.3818
bitcoin,2024-09-22,07:04,The Daily Hodl,"‘It Has To Be Now’ – Raoul Pal Unveils Massive Bitcoin Price Target, Says BTC Repeating 2023 Rally ‘Perfectly’ - The Daily Hodl",0.0
bitcoin,2024-09-22,01:30,Bitcoin.com News,"Government of Bhutan Holds $828M in Bitcoin, Arkham Data Shows - Bitcoin.com News",0.0
bitcoin,2024-09-21,23:30,Bitcoin.com News,"Robert Kiyosaki Predicts Bitcoin Could Hit $500K by 2025, $1M by 2030 - Bitcoin.com News",0.0
bitcoin,2024-09-21,11:15,Forbes,The ‘Future Of Humanity’—Elon Musk Reveals Details Of Secret Meeting With El Salvador’s Bitcoin President Amid Price Rally - Forbes,0.0
bitcoin,2024-09-20,22:58,Reuters,SEC approves BlackRock's spot bitcoin ETF options listing - Reuters,0.4019
bitcoin,2024-09-20,22:06,Bloomberg,SEC Approves Nasdaq to List Options on iShares Bitcoin Trust ETF - Bloomberg,0.7184
bitcoin,2024-09-20,21:42,Bitcoin Magazine,SEC Approves Options Trading on BlackRock’s Spot Bitcoin ETF IBIT - Bitcoin Magazine,0.4019
bitcoin,2024-09-20,15:25,Decrypt,MicroStrategy Bought Another $458 Million in Bitcoin This Week - Decrypt,0.0
bitcoin,2024-09-20,14:52,Bitcoin Magazine,MicroStrategy Buys Additional $489 Billion Worth of Bitcoin - Bitcoin Magazine,0.2263
bitcoin,2024-09-20,13:33,Cointelegraph,Bhutan’s $750M revenue from Bitcoin mining sets model for developing nations - Cointelegraph,0.0
bitcoin,2024-09-20,10:00,Yahoo Finance,Bitcoin bulls believe the price will go up no matter who wins in November - Yahoo Finance,0.5612
bitcoin,2024-09-20,09:20,Bitcoin Magazine,Satoshi Era Wallets Moved $16 Million Worth of Bitcoin - Bitcoin Magazine,0.2263
bitcoin,2024-09-19,23:23,BBC.com,The Bitcoin bros who want to crowdfund a new country - BBC.com,0.0772
bitcoin,2024-09-18,17:15,The Motley Fool,Best Places to Buy Bitcoin in 2024 - The Motley Fool,0.3182
bitcoin,2024-09-13,07:00,Reuters,"MicroStrategy continues bitcoin buying spree, lifting holdings to $9.45 bln - Reuters",0.0
bitcoin,2024-07-24,07:00,U.S News & World Report Money,The History of Bitcoin | Investing - U.S News & World Report Money,0.0
